Epoch,Loss,Accuracy
1,2.5924224853515625,0.271484375
