Epoch,Loss,Accuracy
1,2.461500883102417,0.30859375
